userId,content,hashtags,challengeId,cruiseId
c0fbea97-03bd-4194-991c-449f16933b2c,Lorem ipsum dolor sit amet consectetur adipiscing elit. sed do eiusmod tempor incididunt ut labore et dolore magna aliqua.,#lorem #ipsum,,2
06beb315-56e6-4460-b324-57b2b9e782ad,Lorem ipsum dolor sit amet consectetur adipiscing elit. sed do eiusmod tempor incididunt ut labore et dolore magna aliqua.,#lorem #ipsum,,1
5f60ae52-faca-4af7-8b58-827a21ac0d76,Lorem ipsum dolor sit amet consectetur adipiscing elit. sed do eiusmod tempor incididunt ut labore et dolore magna aliqua.,#lorem #ipsum,,3
5f20ae52-faca-4af7-8b58-827a21ac0d76,Lorem ipsum dolor sit amet consectetur adipiscing elit. sed do eiusmod tempor incididunt ut labore et dolore magna aliqua.,#lorem #ipsum,,4
f60fb9a3-4083-4732-9343-9b06c5387c32,Lorem ipsum dolor sit amet consectetur adipiscing elit. sed do eiusmod tempor incididunt ut labore et dolore magna aliqua.,#lorem #ipsum,,5
56cbef42-dede-4050-872d-cdf3b9151746,Lorem ipsum dolor sit amet consectetur adipiscing elit. sed do eiusmod tempor incididunt ut labore et dolore magna aliqua.,#lorem #ipsum,,6
e05f68d0-e66d-4cc4-aca9-d85aa3c660cd,Lorem ipsum dolor sit amet consectetur adipiscing elit. sed do eiusmod tempor incididunt ut labore et dolore magna aliqua.,#lorem #ipsum,,7
e4b1392d-0edc-4142-9ecb-3e77ac71bb52,Lorem ipsum dolor sit amet consectetur adipiscing elit. sed do eiusmod tempor incididunt ut labore et dolore magna aliqua.,#lorem #ipsum,,8
1bcb5e47-7114-43b9-ab38-c98d218785f3,Lorem ipsum dolor sit amet consectetur adipiscing elit. sed do eiusmod tempor incididunt ut labore et dolore magna aliqua.,#lorem #ipsum,,9
00450497-a070-45f5-8e35-76b73ffa4c81,Lorem ipsum dolor sit amet consectetur adipiscing elit. sed do eiusmod tempor incididunt ut labore et dolore magna aliqua.,#lorem #ipsum,,10
3de462e3-96ec-4445-b376-5d08d48e647c,Lorem ipsum dolor sit amet consectetur adipiscing elit. sed do eiusmod tempor incididunt ut labore et dolore magna aliqua.,#lorem #ipsum,,11
76094e0b-b930-4ba7-aa24-2b527d849610,Lorem ipsum dolor sit amet consectetur adipiscing elit. sed do eiusmod tempor incididunt ut labore et dolore magna aliqua.,#lorem #ipsum,,12
cd7a0061-3581-4adb-b0af-5e000319df2e,Lorem ipsum dolor sit amet consectetur adipiscing elit. sed do eiusmod tempor incididunt ut labore et dolore magna aliqua.,#lorem #ipsum,,13
2f8ed6b8-b3c3-43c1-8c3e-7b4925dc7661,Lorem ipsum dolor sit amet consectetur adipiscing elit. sed do eiusmod tempor incididunt ut labore et dolore magna aliqua.,#lorem #ipsum,,14
b1a57504-3e67-4b4e-b35c-76049b6f42d8,Lorem ipsum dolor sit amet consectetur adipiscing elit. sed do eiusmod tempor incididunt ut labore et dolore magna aliqua.,#lorem #ipsum,,15
ca53be23-d44b-41bb-8d72-1546dcfd4e81,Lorem ipsum dolor sit amet consectetur adipiscing elit. sed do eiusmod tempor incididunt ut labore et dolore magna aliqua.,#lorem #ipsum,,16
ee8c584e-1f72-4049-8eca-c84aa0876091,Lorem ipsum dolor sit amet consectetur adipiscing elit. sed do eiusmod tempor incididunt ut labore et dolore magna aliqua.,#lorem #ipsum,,17
3f0588e3-96af-476e-9877-bea5e9b776bf,Lorem ipsum dolor sit amet consectetur adipiscing elit. sed do eiusmod tempor incididunt ut labore et dolore magna aliqua.,#lorem #ipsum,,18
6f2f89fc-19ce-4662-9d48-d84b065898da,Lorem ipsum dolor sit amet consectetur adipiscing elit. sed do eiusmod tempor incididunt ut labore et dolore magna aliqua.,#lorem #ipsum,,19
c0fbea97-03bd-4194-991c-449f16933b2c,Lorem ipsum dolor sit amet consectetur adipiscing elit. sed do eiusmod tempor incididunt ut labore et dolore magna aliqua.,#lorem #ipsum,,20
06beb315-56e6-4460-b324-57b2b9e782ad,Lorem ipsum dolor sit amet consectetur adipiscing elit. sed do eiusmod tempor incididunt ut labore et dolore magna aliqua.,#lorem #ipsum,,21
5f60ae52-faca-4af7-8b58-827a21ac0d76,Lorem ipsum dolor sit amet consectetur adipiscing elit. sed do eiusmod tempor incididunt ut labore et dolore magna aliqua.,#lorem #ipsum,,22
5f20ae52-faca-4af7-8b58-827a21ac0d76,Lorem ipsum dolor sit amet consectetur adipiscing elit. sed do eiusmod tempor incididunt ut labore et dolore magna aliqua.,#lorem #ipsum,,23
f60fb9a3-4083-4732-9343-9b06c5387c32,Lorem ipsum dolor sit amet consectetur adipiscing elit. sed do eiusmod tempor incididunt ut labore et dolore magna aliqua.,#lorem #ipsum,,24
56cbef42-dede-4050-872d-cdf3b9151746,Lorem ipsum dolor sit amet consectetur adipiscing elit. sed do eiusmod tempor incididunt ut labore et dolore magna aliqua.,#lorem #ipsum,,25
e05f68d0-e66d-4cc4-aca9-d85aa3c660cd,Lorem ipsum dolor sit amet consectetur adipiscing elit. sed do eiusmod tempor incididunt ut labore et dolore magna aliqua.,#lorem #ipsum,,26
e4b1392d-0edc-4142-9ecb-3e77ac71bb52,Lorem ipsum dolor sit amet consectetur adipiscing elit. sed do eiusmod tempor incididunt ut labore et dolore magna aliqua.,#lorem #ipsum,,27
1bcb5e47-7114-43b9-ab38-c98d218785f3,Lorem ipsum dolor sit amet consectetur adipiscing elit. sed do eiusmod tempor incididunt ut labore et dolore magna aliqua.,#lorem #ipsum,,28
00450497-a070-45f5-8e35-76b73ffa4c81,Lorem ipsum dolor sit amet consectetur adipiscing elit. sed do eiusmod tempor incididunt ut labore et dolore magna aliqua.,#lorem #ipsum,,29
3de462e3-96ec-4445-b376-5d08d48e647c,Lorem ipsum dolor sit amet consectetur adipiscing elit. sed do eiusmod tempor incididunt ut labore et dolore magna aliqua.,#lorem #ipsum,,30
76094e0b-b930-4ba7-aa24-2b527d849610,Lorem ipsum dolor sit amet consectetur adipiscing elit. sed do eiusmod tempor incididunt ut labore et dolore magna aliqua.,#lorem #ipsum,,31
cd7a0061-3581-4adb-b0af-5e000319df2e,Lorem ipsum dolor sit amet consectetur adipiscing elit. sed do eiusmod tempor incididunt ut labore et dolore magna aliqua.,#lorem #ipsum,,32
2f8ed6b8-b3c3-43c1-8c3e-7b4925dc7661,Lorem ipsum dolor sit amet consectetur adipiscing elit. sed do eiusmod tempor incididunt ut labore et dolore magna aliqua.,#lorem #ipsum,,33
b1a57504-3e67-4b4e-b35c-76049b6f42d8,Lorem ipsum dolor sit amet consectetur adipiscing elit. sed do eiusmod tempor incididunt ut labore et dolore magna aliqua.,#lorem #ipsum,,34
ca53be23-d44b-41bb-8d72-1546dcfd4e81,Lorem ipsum dolor sit amet consectetur adipiscing elit. sed do eiusmod tempor incididunt ut labore et dolore magna aliqua.,#lorem #ipsum,,35
ee8c584e-1f72-4049-8eca-c84aa0876091,Lorem ipsum dolor sit amet consectetur adipiscing elit. sed do eiusmod tempor incididunt ut labore et dolore magna aliqua.,#lorem #ipsum,,36
3f0588e3-96af-476e-9877-bea5e9b776bf,Lorem ipsum dolor sit amet consectetur adipiscing elit. sed do eiusmod tempor incididunt ut labore et dolore magna aliqua.,#lorem #ipsum,,37
6f2f89fc-19ce-4662-9d48-d84b065898da,Lorem ipsum dolor sit amet consectetur adipiscing elit. sed do eiusmod tempor incididunt ut labore et dolore magna aliqua.,#lorem #ipsum,,38
c0fbea97-03bd-4194-991c-449f16933b2c,Lorem ipsum dolor sit amet consectetur adipiscing elit. sed do eiusmod tempor incididunt ut labore et dolore magna aliqua.,#lorem #ipsum,,39
c0fbea97-03bd-4194-991c-449f16933b2c,Lorem ipsum dolor sit amet consectetur adipiscing elit. sed do eiusmod tempor incididunt ut labore et dolore magna aliqua.,#lorem #ipsum,,40
c0fbea97-03bd-4194-991c-449f16933b2c,Lorem ipsum dolor sit amet consectetur adipiscing elit. sed do eiusmod tempor incididunt ut labore et dolore magna aliqua.,#lorem #ipsum,,41
c0fbea97-03bd-4194-991c-449f16933b2c,Lorem ipsum dolor sit amet consectetur adipiscing elit. sed do eiusmod tempor incididunt ut labore et dolore magna aliqua.,#lorem #ipsum,,42
c0fbea97-03bd-4194-991c-449f16933b2c,Lorem ipsum dolor sit amet consectetur adipiscing elit. sed do eiusmod tempor incididunt ut labore et dolore magna aliqua.,#lorem #ipsum,,43
c0fbea97-03bd-4194-991c-449f16933b2c,Lorem ipsum dolor sit amet consectetur adipiscing elit. sed do eiusmod tempor incididunt ut labore et dolore magna aliqua.,#lorem #ipsum,,44
c0fbea97-03bd-4194-991c-449f16933b2c,Lorem ipsum dolor sit amet consectetur adipiscing elit. sed do eiusmod tempor incididunt ut labore et dolore magna aliqua.,#lorem #ipsum,,45
c0fbea97-03bd-4194-991c-449f16933b2c,Lorem ipsum dolor sit amet consectetur adipiscing elit. sed do eiusmod tempor incididunt ut labore et dolore magna aliqua.,#lorem #ipsum,,46
c0fbea97-03bd-4194-991c-449f16933b2c,Lorem ipsum dolor sit amet consectetur adipiscing elit. sed do eiusmod tempor incididunt ut labore et dolore magna aliqua.,#lorem #ipsum,,47
c0fbea97-03bd-4194-991c-449f16933b2c,Lorem ipsum dolor sit amet consectetur adipiscing elit. sed do eiusmod tempor incididunt ut labore et dolore magna aliqua.,#lorem #ipsum,,48
c0fbea97-03bd-4194-991c-449f16933b2c,Lorem ipsum dolor sit amet consectetur adipiscing elit. sed do eiusmod tempor incididunt ut labore et dolore magna aliqua.,#lorem #ipsum,,49
c0fbea97-03bd-4194-991c-449f16933b2c,Lorem ipsum dolor sit amet consectetur adipiscing elit. sed do eiusmod tempor incididunt ut labore et dolore magna aliqua.,#lorem #ipsum,,49
c0fbea97-03bd-4194-991c-449f16933b2c,Lorem ipsum dolor sit amet consectetur adipiscing elit. sed do eiusmod tempor incididunt ut labore et dolore magna aliqua.,#lorem #ipsum,1,
c0fbea97-03bd-4194-991c-449f16933b2c,Lorem ipsum dolor sit amet consectetur adipiscing elit. sed do eiusmod tempor incididunt ut labore et dolore magna aliqua.,#lorem #ipsum,1,
c0fbea97-03bd-4194-991c-449f16933b2c,Lorem ipsum dolor sit amet consectetur adipiscing elit. sed do eiusmod tempor incididunt ut labore et dolore magna aliqua.,#lorem #ipsum,2,
c0fbea97-03bd-4194-991c-449f16933b2c,Lorem ipsum dolor sit amet consectetur adipiscing elit. sed do eiusmod tempor incididunt ut labore et dolore magna aliqua.,#lorem #ipsum,2,
c0fbea97-03bd-4194-991c-449f16933b2c,Lorem ipsum dolor sit amet consectetur adipiscing elit. sed do eiusmod tempor incididunt ut labore et dolore magna aliqua.,#lorem #ipsum,2,
c0fbea97-03bd-4194-991c-449f16933b2c,Lorem ipsum dolor sit amet consectetur adipiscing elit. sed do eiusmod tempor incididunt ut labore et dolore magna aliqua.,#lorem #ipsum,2,
c0fbea97-03bd-4194-991c-449f16933b2c,Lorem ipsum dolor sit amet consectetur adipiscing elit. sed do eiusmod tempor incididunt ut labore et dolore magna aliqua.,#lorem #ipsum,2,
c0fbea97-03bd-4194-991c-449f16933b2c,Lorem ipsum dolor sit amet consectetur adipiscing elit. sed do eiusmod tempor incididunt ut labore et dolore magna aliqua.,#lorem #ipsum,2,
c0fbea97-03bd-4194-991c-449f16933b2c,Lorem ipsum dolor sit amet consectetur adipiscing elit. sed do eiusmod tempor incididunt ut labore et dolore magna aliqua.,#lorem #ipsum,3,
c0fbea97-03bd-4194-991c-449f16933b2c,Lorem ipsum dolor sit amet consectetur adipiscing elit. sed do eiusmod tempor incididunt ut labore et dolore magna aliqua.,#lorem #ipsum,3,
c0fbea97-03bd-4194-991c-449f16933b2c,Lorem ipsum dolor sit amet consectetur adipiscing elit. sed do eiusmod tempor incididunt ut labore et dolore magna aliqua.,#lorem #ipsum,3,
c0fbea97-03bd-4194-991c-449f16933b2c,Lorem ipsum dolor sit amet consectetur adipiscing elit. sed do eiusmod tempor incididunt ut labore et dolore magna aliqua.,#lorem #ipsum,3,
c0fbea97-03bd-4194-991c-449f16933b2c,Lorem ipsum dolor sit amet consectetur adipiscing elit. sed do eiusmod tempor incididunt ut labore et dolore magna aliqua.,#lorem #ipsum,3,
c0fbea97-03bd-4194-991c-449f16933b2c,Lorem ipsum dolor sit amet consectetur adipiscing elit. sed do eiusmod tempor incididunt ut labore et dolore magna aliqua.,#lorem #ipsum,3,
c0fbea97-03bd-4194-991c-449f16933b2c,Lorem ipsum dolor sit amet consectetur adipiscing elit. sed do eiusmod tempor incididunt ut labore et dolore magna aliqua.,#lorem #ipsum,3,
c0fbea97-03bd-4194-991c-449f16933b2c,Lorem ipsum dolor sit amet consectetur adipiscing elit. sed do eiusmod tempor incididunt ut labore et dolore magna aliqua.,#lorem #ipsum,3,
c0fbea97-03bd-4194-991c-449f16933b2c,Lorem ipsum dolor sit amet consectetur adipiscing elit. sed do eiusmod tempor incididunt ut labore et dolore magna aliqua.,#lorem #ipsum,3,
c0fbea97-03bd-4194-991c-449f16933b2c,Lorem ipsum dolor sit amet consectetur adipiscing elit. sed do eiusmod tempor incididunt ut labore et dolore magna aliqua.,#lorem #ipsum,3,
c0fbea97-03bd-4194-991c-449f16933b2c,Lorem ipsum dolor sit amet consectetur adipiscing elit. sed do eiusmod tempor incididunt ut labore et dolore magna aliqua.,#lorem #ipsum,4,
c0fbea97-03bd-4194-991c-449f16933b2c,Lorem ipsum dolor sit amet consectetur adipiscing elit. sed do eiusmod tempor incididunt ut labore et dolore magna aliqua.,#lorem #ipsum,5,
c0fbea97-03bd-4194-991c-449f16933b2c,Lorem ipsum dolor sit amet consectetur adipiscing elit. sed do eiusmod tempor incididunt ut labore et dolore magna aliqua.,#lorem #ipsum,6,
c0fbea97-03bd-4194-991c-449f16933b2c,Lorem ipsum dolor sit amet consectetur adipiscing elit. sed do eiusmod tempor incididunt ut labore et dolore magna aliqua.,#lorem #ipsum,7,
c0fbea97-03bd-4194-991c-449f16933b2c,Lorem ipsum dolor sit amet consectetur adipiscing elit. sed do eiusmod tempor incididunt ut labore et dolore magna aliqua.,#lorem #ipsum,8,
c0fbea97-03bd-4194-991c-449f16933b2c,Lorem ipsum dolor sit amet consectetur adipiscing elit. sed do eiusmod tempor incididunt ut labore et dolore magna aliqua.,#lorem #ipsum,9,
c0fbea97-03bd-4194-991c-449f16933b2c,Lorem ipsum dolor sit amet consectetur adipiscing elit. sed do eiusmod tempor incididunt ut labore et dolore magna aliqua.,#lorem #ipsum,10,
c0fbea97-03bd-4194-991c-449f16933b2c,Lorem ipsum dolor sit amet consectetur adipiscing elit. sed do eiusmod tempor incididunt ut labore et dolore magna aliqua.,#lorem #ipsum,11,
c0fbea97-03bd-4194-991c-449f16933b2c,Lorem ipsum dolor sit amet consectetur adipiscing elit. sed do eiusmod tempor incididunt ut labore et dolore magna aliqua.,#lorem #ipsum,12,
c0fbea97-03bd-4194-991c-449f16933b2c,Lorem ipsum dolor sit amet consectetur adipiscing elit. sed do eiusmod tempor incididunt ut labore et dolore magna aliqua.,#lorem #ipsum,13,
c0fbea97-03bd-4194-991c-449f16933b2c,Lorem ipsum dolor sit amet consectetur adipiscing elit. sed do eiusmod tempor incididunt ut labore et dolore magna aliqua.,#lorem #ipsum,14,
c0fbea97-03bd-4194-991c-449f16933b2c,Lorem ipsum dolor sit amet consectetur adipiscing elit. sed do eiusmod tempor incididunt ut labore et dolore magna aliqua.,#lorem #ipsum,15,
c0fbea97-03bd-4194-991c-449f16933b2c,Lorem ipsum dolor sit amet consectetur adipiscing elit. sed do eiusmod tempor incididunt ut labore et dolore magna aliqua.,#lorem #ipsum,16,
c0fbea97-03bd-4194-991c-449f16933b2c,Lorem ipsum dolor sit amet consectetur adipiscing elit. sed do eiusmod tempor incididunt ut labore et dolore magna aliqua.,#lorem #ipsum,17,
c0fbea97-03bd-4194-991c-449f16933b2c,Lorem ipsum dolor sit amet consectetur adipiscing elit. sed do eiusmod tempor incididunt ut labore et dolore magna aliqua.,#lorem #ipsum,18,
c0fbea97-03bd-4194-991c-449f16933b2c,Lorem ipsum dolor sit amet consectetur adipiscing elit. sed do eiusmod tempor incididunt ut labore et dolore magna aliqua.,#lorem #ipsum,19,
c0fbea97-03bd-4194-991c-449f16933b2c,Lorem ipsum dolor sit amet consectetur adipiscing elit. sed do eiusmod tempor incididunt ut labore et dolore magna aliqua.,#lorem #ipsum,20,
c0fbea97-03bd-4194-991c-449f16933b2c,Lorem ipsum dolor sit amet consectetur adipiscing elit. sed do eiusmod tempor incididunt ut labore et dolore magna aliqua.,#lorem #ipsum,21,
c0fbea97-03bd-4194-991c-449f16933b2c,Lorem ipsum dolor sit amet consectetur adipiscing elit. sed do eiusmod tempor incididunt ut labore et dolore magna aliqua.,#lorem #ipsum,22,
c0fbea97-03bd-4194-991c-449f16933b2c,Lorem ipsum dolor sit amet consectetur adipiscing elit. sed do eiusmod tempor incididunt ut labore et dolore magna aliqua.,#lorem #ipsum,23,
c0fbea97-03bd-4194-991c-449f16933b2c,Lorem ipsum dolor sit amet consectetur adipiscing elit. sed do eiusmod tempor incididunt ut labore et dolore magna aliqua.,#lorem #ipsum,24,
c0fbea97-03bd-4194-991c-449f16933b2c,Lorem ipsum dolor sit amet consectetur adipiscing elit. sed do eiusmod tempor incididunt ut labore et dolore magna aliqua.,#lorem #ipsum,25,
c0fbea97-03bd-4194-991c-449f16933b2c,Lorem ipsum dolor sit amet consectetur adipiscing elit. sed do eiusmod tempor incididunt ut labore et dolore magna aliqua.,#lorem #ipsum,26,
c0fbea97-03bd-4194-991c-449f16933b2c,Lorem ipsum dolor sit amet consectetur adipiscing elit. sed do eiusmod tempor incididunt ut labore et dolore magna aliqua.,#lorem #ipsum,27,
c0fbea97-03bd-4194-991c-449f16933b2c,Lorem ipsum dolor sit amet consectetur adipiscing elit. sed do eiusmod tempor incididunt ut labore et dolore magna aliqua.,#lorem #ipsum,28,
c0fbea97-03bd-4194-991c-449f16933b2c,Lorem ipsum dolor sit amet consectetur adipiscing elit. sed do eiusmod tempor incididunt ut labore et dolore magna aliqua.,#lorem #ipsum,29,
c0fbea97-03bd-4194-991c-449f16933b2c,Lorem ipsum dolor sit amet consectetur adipiscing elit. sed do eiusmod tempor incididunt ut labore et dolore magna aliqua.,#lorem #ipsum,30,
c0fbea97-03bd-4194-991c-449f16933b2c,Lorem ipsum dolor sit amet consectetur adipiscing elit. sed do eiusmod tempor incididunt ut labore et dolore magna aliqua.,#lorem #ipsum,31,
c0fbea97-03bd-4194-991c-449f16933b2c,Lorem ipsum dolor sit amet consectetur adipiscing elit. sed do eiusmod tempor incididunt ut labore et dolore magna aliqua.,#lorem #ipsum,32,
c0fbea97-03bd-4194-991c-449f16933b2c,Lorem ipsum dolor sit amet consectetur adipiscing elit. sed do eiusmod tempor incididunt ut labore et dolore magna aliqua.,#lorem #ipsum,33,
c0fbea97-03bd-4194-991c-449f16933b2c,Lorem ipsum dolor sit amet consectetur adipiscing elit. sed do eiusmod tempor incididunt ut labore et dolore magna aliqua.,#lorem #ipsum,34,
c0fbea97-03bd-4194-991c-449f16933b2c,Lorem ipsum dolor sit amet consectetur adipiscing elit. sed do eiusmod tempor incididunt ut labore et dolore magna aliqua.,#lorem #ipsum,35,
c0fbea97-03bd-4194-991c-449f16933b2c,Lorem ipsum dolor sit amet consectetur adipiscing elit. sed do eiusmod tempor incididunt ut labore et dolore magna aliqua.,#lorem #ipsum,36,
c0fbea97-03bd-4194-991c-449f16933b2c,Lorem ipsum dolor sit amet consectetur adipiscing elit. sed do eiusmod tempor incididunt ut labore et dolore magna aliqua.,#lorem #ipsum,37,
c0fbea97-03bd-4194-991c-449f16933b2c,Lorem ipsum dolor sit amet consectetur adipiscing elit. sed do eiusmod tempor incididunt ut labore et dolore magna aliqua.,#lorem #ipsum,38,
c0fbea97-03bd-4194-991c-449f16933b2c,Lorem ipsum dolor sit amet consectetur adipiscing elit. sed do eiusmod tempor incididunt ut labore et dolore magna aliqua.,#lorem #ipsum,39,
c0fbea97-03bd-4194-991c-449f16933b2c,Lorem ipsum dolor sit amet consectetur adipiscing elit. sed do eiusmod tempor incididunt ut labore et dolore magna aliqua.,#lorem #ipsum,40,
c0fbea97-03bd-4194-991c-449f16933b2c,Lorem ipsum dolor sit amet consectetur adipiscing elit. sed do eiusmod tempor incididunt ut labore et dolore magna aliqua.,#lorem #ipsum,41,
c0fbea97-03bd-4194-991c-449f16933b2c,Lorem ipsum dolor sit amet consectetur adipiscing elit. sed do eiusmod tempor incididunt ut labore et dolore magna aliqua.,#lorem #ipsum,42,
c0fbea97-03bd-4194-991c-449f16933b2c,Lorem ipsum dolor sit amet consectetur adipiscing elit. sed do eiusmod tempor incididunt ut labore et dolore magna aliqua.,#lorem #ipsum,43,
c0fbea97-03bd-4194-991c-449f16933b2c,Lorem ipsum dolor sit amet consectetur adipiscing elit. sed do eiusmod tempor incididunt ut labore et dolore magna aliqua.,#lorem #ipsum,44,
c0fbea97-03bd-4194-991c-449f16933b2c,Lorem ipsum dolor sit amet consectetur adipiscing elit. sed do eiusmod tempor incididunt ut labore et dolore magna aliqua.,#lorem #ipsum,45,
c0fbea97-03bd-4194-991c-449f16933b2c,Lorem ipsum dolor sit amet consectetur adipiscing elit. sed do eiusmod tempor incididunt ut labore et dolore magna aliqua.,#lorem #ipsum,46,
c0fbea97-03bd-4194-991c-449f16933b2c,Lorem ipsum dolor sit amet consectetur adipiscing elit. sed do eiusmod tempor incididunt ut labore et dolore magna aliqua.,#lorem #ipsum,47,
c0fbea97-03bd-4194-991c-449f16933b2c,Lorem ipsum dolor sit amet consectetur adipiscing elit. sed do eiusmod tempor incididunt ut labore et dolore magna aliqua.,#lorem #ipsum,48,
c0fbea97-03bd-4194-991c-449f16933b2c,Lorem ipsum dolor sit amet consectetur adipiscing elit. sed do eiusmod tempor incididunt ut labore et dolore magna aliqua.,#lorem #ipsum,49,
c0fbea97-03bd-4194-991c-449f16933b2c,Lorem ipsum dolor sit amet consectetur adipiscing elit. sed do eiusmod tempor incididunt ut labore et dolore magna aliqua.,#lorem #ipsum,49,
c0fbea97-03bd-4194-991c-449f16933b2c,Lorem ipsum dolor sit amet consectetur adipiscing elit. sed do eiusmod tempor incididunt ut labore et dolore magna aliqua.,#lorem #ipsum,,
c0fbea97-03bd-4194-991c-449f16933b2c,Lorem ipsum dolor sit amet consectetur adipiscing elit. sed do eiusmod tempor incididunt ut labore et dolore magna aliqua.,#lorem #ipsum,,
c0fbea97-03bd-4194-991c-449f16933b2c,Lorem ipsum dolor sit amet consectetur adipiscing elit. sed do eiusmod tempor incididunt ut labore et dolore magna aliqua.,#lorem #ipsum,,
c0fbea97-03bd-4194-991c-449f16933b2c,Lorem ipsum dolor sit amet consectetur adipiscing elit. sed do eiusmod tempor incididunt ut labore et dolore magna aliqua.,#lorem #ipsum,,
c0fbea97-03bd-4194-991c-449f16933b2c,Lorem ipsum dolor sit amet consectetur adipiscing elit. sed do eiusmod tempor incididunt ut labore et dolore magna aliqua.,#lorem #ipsum,,
c0fbea97-03bd-4194-991c-449f16933b2c,Lorem ipsum dolor sit amet consectetur adipiscing elit. sed do eiusmod tempor incididunt ut labore et dolore magna aliqua.,#lorem #ipsum,,
c0fbea97-03bd-4194-991c-449f16933b2c,Lorem ipsum dolor sit amet consectetur adipiscing elit. sed do eiusmod tempor incididunt ut labore et dolore magna aliqua.,#lorem #ipsum,,
c0fbea97-03bd-4194-991c-449f16933b2c,Lorem ipsum dolor sit amet consectetur adipiscing elit. sed do eiusmod tempor incididunt ut labore et dolore magna aliqua.,#lorem #ipsum,,
c0fbea97-03bd-4194-991c-449f16933b2c,Lorem ipsum dolor sit amet consectetur adipiscing elit. sed do eiusmod tempor incididunt ut labore et dolore magna aliqua.,#lorem #ipsum,,
c0fbea97-03bd-4194-991c-449f16933b2c,Lorem ipsum dolor sit amet consectetur adipiscing elit. sed do eiusmod tempor incididunt ut labore et dolore magna aliqua.,#lorem #ipsum,,
c0fbea97-03bd-4194-991c-449f16933b2c,Lorem ipsum dolor sit amet consectetur adipiscing elit. sed do eiusmod tempor incididunt ut labore et dolore magna aliqua.,#lorem #ipsum,,
c0fbea97-03bd-4194-991c-449f16933b2c,Lorem ipsum dolor sit amet consectetur adipiscing elit. sed do eiusmod tempor incididunt ut labore et dolore magna aliqua.,#lorem #ipsum,14,
c0fbea97-03bd-4194-991c-449f16933b2c,Lorem ipsum dolor sit amet consectetur adipiscing elit. sed do eiusmod tempor incididunt ut labore et dolore magna aliqua.,#lorem #ipsum,,
c0fbea97-03bd-4194-991c-449f16933b2c,Lorem ipsum dolor sit amet consectetur adipiscing elit. sed do eiusmod tempor incididunt ut labore et dolore magna aliqua.,#lorem #ipsum,,12
c0fbea97-03bd-4194-991c-449f16933b2c,Lorem ipsum dolor sit amet consectetur adipiscing elit. sed do eiusmod tempor incididunt ut labore et dolore magna aliqua.,#lorem #ipsum,,12
c0fbea97-03bd-4194-991c-449f16933b2c,Lorem ipsum dolor sit amet consectetur adipiscing elit. sed do eiusmod tempor incididunt ut labore et dolore magna aliqua.,#lorem #ipsum,,12
c0fbea97-03bd-4194-991c-449f16933b2c,Lorem ipsum dolor sit amet consectetur adipiscing elit. sed do eiusmod tempor incididunt ut labore et dolore magna aliqua.,#lorem #ipsum,,12
c0fbea97-03bd-4194-991c-449f16933b2c,Lorem ipsum dolor sit amet consectetur adipiscing elit. sed do eiusmod tempor incididunt ut labore et dolore magna aliqua.,#lorem #ipsum,,12
c0fbea97-03bd-4194-991c-449f16933b2c,Lorem ipsum dolor sit amet consectetur adipiscing elit. sed do eiusmod tempor incididunt ut labore et dolore magna aliqua.,#lorem #ipsum,,12
c0fbea97-03bd-4194-991c-449f16933b2c,Lorem ipsum dolor sit amet consectetur adipiscing elit. sed do eiusmod tempor incididunt ut labore et dolore magna aliqua.,#lorem #ipsum,,12
c0fbea97-03bd-4194-991c-449f16933b2c,Lorem ipsum dolor sit amet consectetur adipiscing elit. sed do eiusmod tempor incididunt ut labore et dolore magna aliqua.,#lorem #ipsum,,12
c0fbea97-03bd-4194-991c-449f16933b2c,Lorem ipsum dolor sit amet consectetur adipiscing elit. sed do eiusmod tempor incididunt ut labore et dolore magna aliqua.,#lorem #ipsum,,12
c0fbea97-03bd-4194-991c-449f16933b2c,Lorem ipsum dolor sit amet consectetur adipiscing elit. sed do eiusmod tempor incididunt ut labore et dolore magna aliqua.,#lorem #ipsum,,12
c0fbea97-03bd-4194-991c-449f16933b2c,Lorem ipsum dolor sit amet consectetur adipiscing elit. sed do eiusmod tempor incididunt ut labore et dolore magna aliqua.,#lorem #ipsum,,12
c0fbea97-03bd-4194-991c-449f16933b2c,Lorem ipsum dolor sit amet consectetur adipiscing elit. sed do eiusmod tempor incididunt ut labore et dolore magna aliqua.,#lorem #ipsum,,12
c0fbea97-03bd-4194-991c-449f16933b2c,Lorem ipsum dolor sit amet consectetur adipiscing elit. sed do eiusmod tempor incididunt ut labore et dolore magna aliqua.,#lorem #ipsum,,12
c0fbea97-03bd-4194-991c-449f16933b2c,Lorem ipsum dolor sit amet consectetur adipiscing elit. sed do eiusmod tempor incididunt ut labore et dolore magna aliqua.,#lorem #ipsum,,12
c0fbea97-03bd-4194-991c-449f16933b2c,Lorem ipsum dolor sit amet consectetur adipiscing elit. sed do eiusmod tempor incididunt ut labore et dolore magna aliqua.,#lorem #ipsum,,12
c0fbea97-03bd-4194-991c-449f16933b2c,Lorem ipsum dolor sit amet consectetur adipiscing elit. sed do eiusmod tempor incididunt ut labore et dolore magna aliqua.,#lorem #ipsum,,12
c0fbea97-03bd-4194-991c-449f16933b2c,Lorem ipsum dolor sit amet consectetur adipiscing elit. sed do eiusmod tempor incididunt ut labore et dolore magna aliqua.,#lorem #ipsum,,12
c0fbea97-03bd-4194-991c-449f16933b2c,Lorem ipsum dolor sit amet consectetur adipiscing elit. sed do eiusmod tempor incididunt ut labore et dolore magna aliqua.,#lorem #ipsum,,12
c0fbea97-03bd-4194-991c-449f16933b2c,Lorem ipsum dolor sit amet consectetur adipiscing elit. sed do eiusmod tempor incididunt ut labore et dolore magna aliqua.,#lorem #ipsum,,12
c0fbea97-03bd-4194-991c-449f16933b2c,Lorem ipsum dolor sit amet consectetur adipiscing elit. sed do eiusmod tempor incididunt ut labore et dolore magna aliqua.,#lorem #ipsum,,12
c0fbea97-03bd-4194-991c-449f16933b2c,Lorem ipsum dolor sit amet consectetur adipiscing elit. sed do eiusmod tempor incididunt ut labore et dolore magna aliqua.,#lorem #ipsum,,12
c0fbea97-03bd-4194-991c-449f16933b2c,Lorem ipsum dolor sit amet consectetur adipiscing elit. sed do eiusmod tempor incididunt ut labore et dolore magna aliqua.,#lorem #ipsum,,12
c0fbea97-03bd-4194-991c-449f16933b2c,Lorem ipsum dolor sit amet consectetur adipiscing elit. sed do eiusmod tempor incididunt ut labore et dolore magna aliqua.,#lorem #ipsum,,12
c0fbea97-03bd-4194-991c-449f16933b2c,Lorem ipsum dolor sit amet consectetur adipiscing elit. sed do eiusmod tempor incididunt ut labore et dolore magna aliqua.,#lorem #ipsum,,12
c0fbea97-03bd-4194-991c-449f16933b2c,Lorem ipsum dolor sit amet consectetur adipiscing elit. sed do eiusmod tempor incididunt ut labore et dolore magna aliqua.,#lorem #ipsum,,12
c0fbea97-03bd-4194-991c-449f16933b2c,Lorem ipsum dolor sit amet consectetur adipiscing elit. sed do eiusmod tempor incididunt ut labore et dolore magna aliqua.,#lorem #ipsum,,12
c0fbea97-03bd-4194-991c-449f16933b2c,Lorem ipsum dolor sit amet consectetur adipiscing elit. sed do eiusmod tempor incididunt ut labore et dolore magna aliqua.,#lorem #ipsum,,12
c0fbea97-03bd-4194-991c-449f16933b2c,Lorem ipsum dolor sit amet consectetur adipiscing elit. sed do eiusmod tempor incididunt ut labore et dolore magna aliqua.,#lorem #ipsum,,12
c0fbea97-03bd-4194-991c-449f16933b2c,Lorem ipsum dolor sit amet consectetur adipiscing elit. sed do eiusmod tempor incididunt ut labore et dolore magna aliqua.,#lorem #ipsum,,12
c0fbea97-03bd-4194-991c-449f16933b2c,Lorem ipsum dolor sit amet consectetur adipiscing elit. sed do eiusmod tempor incididunt ut labore et dolore magna aliqua.,#lorem #ipsum,,12
c0fbea97-03bd-4194-991c-449f16933b2c,Lorem ipsum dolor sit amet consectetur adipiscing elit. sed do eiusmod tempor incididunt ut labore et dolore magna aliqua.,#lorem #ipsum,,12
c0fbea97-03bd-4194-991c-449f16933b2c,Lorem ipsum dolor sit amet consectetur adipiscing elit. sed do eiusmod tempor incididunt ut labore et dolore magna aliqua.,#lorem #ipsum,,12
c0fbea97-03bd-4194-991c-449f16933b2c,Lorem ipsum dolor sit amet consectetur adipiscing elit. sed do eiusmod tempor incididunt ut labore et dolore magna aliqua.,#lorem #ipsum,,12
c0fbea97-03bd-4194-991c-449f16933b2c,Lorem ipsum dolor sit amet consectetur adipiscing elit. sed do eiusmod tempor incididunt ut labore et dolore magna aliqua.,#lorem #ipsum,,12
c0fbea97-03bd-4194-991c-449f16933b2c,Lorem ipsum dolor sit amet consectetur adipiscing elit. sed do eiusmod tempor incididunt ut labore et dolore magna aliqua.,#lorem #ipsum,,12
c0fbea97-03bd-4194-991c-449f16933b2c,Lorem ipsum dolor sit amet consectetur adipiscing elit. sed do eiusmod tempor incididunt ut labore et dolore magna aliqua.,#lorem #ipsum,,12
c0fbea97-03bd-4194-991c-449f16933b2c,Lorem ipsum dolor sit amet consectetur adipiscing elit. sed do eiusmod tempor incididunt ut labore et dolore magna aliqua.,#lorem #ipsum,,12
c0fbea97-03bd-4194-991c-449f16933b2c,Lorem ipsum dolor sit amet consectetur adipiscing elit. sed do eiusmod tempor incididunt ut labore et dolore magna aliqua.,#lorem #ipsum,,12
c0fbea97-03bd-4194-991c-449f16933b2c,Lorem ipsum dolor sit amet consectetur adipiscing elit. sed do eiusmod tempor incididunt ut labore et dolore magna aliqua.,#lorem #ipsum,,12
c0fbea97-03bd-4194-991c-449f16933b2c,Lorem ipsum dolor sit amet consectetur adipiscing elit. sed do eiusmod tempor incididunt ut labore et dolore magna aliqua.,#lorem #ipsum,,12
c0fbea97-03bd-4194-991c-449f16933b2c,Lorem ipsum dolor sit amet consectetur adipiscing elit. sed do eiusmod tempor incididunt ut labore et dolore magna aliqua.,#lorem #ipsum,,12
c0fbea97-03bd-4194-991c-449f16933b2c,Lorem ipsum dolor sit amet consectetur adipiscing elit. sed do eiusmod tempor incididunt ut labore et dolore magna aliqua.,#lorem #ipsum,,12
c0fbea97-03bd-4194-991c-449f16933b2c,Lorem ipsum dolor sit amet consectetur adipiscing elit. sed do eiusmod tempor incididunt ut labore et dolore magna aliqua.,#lorem #ipsum,,12
c0fbea97-03bd-4194-991c-449f16933b2c,Lorem ipsum dolor sit amet consectetur adipiscing elit. sed do eiusmod tempor incididunt ut labore et dolore magna aliqua.,#lorem #ipsum,,12
c0fbea97-03bd-4194-991c-449f16933b2c,Lorem ipsum dolor sit amet consectetur adipiscing elit. sed do eiusmod tempor incididunt ut labore et dolore magna aliqua.,#lorem #ipsum,,12
c0fbea97-03bd-4194-991c-449f16933b2c,Lorem ipsum dolor sit amet consectetur adipiscing elit. sed do eiusmod tempor incididunt ut labore et dolore magna aliqua.,#lorem #ipsum,,12
c0fbea97-03bd-4194-991c-449f16933b2c,Lorem ipsum dolor sit amet consectetur adipiscing elit. sed do eiusmod tempor incididunt ut labore et dolore magna aliqua.,#lorem #ipsum,,12
c0fbea97-03bd-4194-991c-449f16933b2c,Lorem ipsum dolor sit amet consectetur adipiscing elit. sed do eiusmod tempor incididunt ut labore et dolore magna aliqua.,#lorem #ipsum,,12
c0fbea97-03bd-4194-991c-449f16933b2c,Lorem ipsum dolor sit amet consectetur adipiscing elit. sed do eiusmod tempor incididunt ut labore et dolore magna aliqua.,#lorem #ipsum,,12
c0fbea97-03bd-4194-991c-449f16933b2c,Lorem ipsum dolor sit amet consectetur adipiscing elit. sed do eiusmod tempor incididunt ut labore et dolore magna aliqua.,#lorem #ipsum,,12
c0fbea97-03bd-4194-991c-449f16933b2c,Lorem ipsum dolor sit amet consectetur adipiscing elit. sed do eiusmod tempor incididunt ut labore et dolore magna aliqua.,#lorem #ipsum,,12
c0fbea97-03bd-4194-991c-449f16933b2c,Lorem ipsum dolor sit amet consectetur adipiscing elit. sed do eiusmod tempor incididunt ut labore et dolore magna aliqua.,#lorem #ipsum,,12
c0fbea97-03bd-4194-991c-449f16933b2c,Lorem ipsum dolor sit amet consectetur adipiscing elit. sed do eiusmod tempor incididunt ut labore et dolore magna aliqua.,#lorem #ipsum,,12
c0fbea97-03bd-4194-991c-449f16933b2c,Lorem ipsum dolor sit amet consectetur adipiscing elit. sed do eiusmod tempor incididunt ut labore et dolore magna aliqua.,#lorem #ipsum,,12
c0fbea97-03bd-4194-991c-449f16933b2c,Lorem ipsum dolor sit amet consectetur adipiscing elit. sed do eiusmod tempor incididunt ut labore et dolore magna aliqua.,#lorem #ipsum,,12
c0fbea97-03bd-4194-991c-449f16933b2c,Lorem ipsum dolor sit amet consectetur adipiscing elit. sed do eiusmod tempor incididunt ut labore et dolore magna aliqua.,#lorem #ipsum,,12
c0fbea97-03bd-4194-991c-449f16933b2c,Lorem ipsum dolor sit amet consectetur adipiscing elit. sed do eiusmod tempor incididunt ut labore et dolore magna aliqua.,#lorem #ipsum,,12
c0fbea97-03bd-4194-991c-449f16933b2c,Lorem ipsum dolor sit amet consectetur adipiscing elit. sed do eiusmod tempor incididunt ut labore et dolore magna aliqua.,#lorem #ipsum,,12
c0fbea97-03bd-4194-991c-449f16933b2c,Lorem ipsum dolor sit amet consectetur adipiscing elit. sed do eiusmod tempor incididunt ut labore et dolore magna aliqua.,#lorem #ipsum,,12
c0fbea97-03bd-4194-991c-449f16933b2c,Lorem ipsum dolor sit amet consectetur adipiscing elit. sed do eiusmod tempor incididunt ut labore et dolore magna aliqua.,#lorem #ipsum,,12
c0fbea97-03bd-4194-991c-449f16933b2c,Lorem ipsum dolor sit amet consectetur adipiscing elit. sed do eiusmod tempor incididunt ut labore et dolore magna aliqua.,#lorem #ipsum,,12
c0fbea97-03bd-4194-991c-449f16933b2c,Lorem ipsum dolor sit amet consectetur adipiscing elit. sed do eiusmod tempor incididunt ut labore et dolore magna aliqua.,#lorem #ipsum,,12
c0fbea97-03bd-4194-991c-449f16933b2c,Lorem ipsum dolor sit amet consectetur adipiscing elit. sed do eiusmod tempor incididunt ut labore et dolore magna aliqua.,#lorem #ipsum,,12
c0fbea97-03bd-4194-991c-449f16933b2c,Lorem ipsum dolor sit amet consectetur adipiscing elit. sed do eiusmod tempor incididunt ut labore et dolore magna aliqua.,#lorem #ipsum,,12
c0fbea97-03bd-4194-991c-449f16933b2c,Lorem ipsum dolor sit amet consectetur adipiscing elit. sed do eiusmod tempor incididunt ut labore et dolore magna aliqua.,#lorem #ipsum,,12
c0fbea97-03bd-4194-991c-449f16933b2c,Lorem ipsum dolor sit amet consectetur adipiscing elit. sed do eiusmod tempor incididunt ut labore et dolore magna aliqua.,#lorem #ipsum,,12
c0fbea97-03bd-4194-991c-449f16933b2c,Lorem ipsum dolor sit amet consectetur adipiscing elit. sed do eiusmod tempor incididunt ut labore et dolore magna aliqua.,#lorem #ipsum,,12
c0fbea97-03bd-4194-991c-449f16933b2c,Lorem ipsum dolor sit amet consectetur adipiscing elit. sed do eiusmod tempor incididunt ut labore et dolore magna aliqua.,#lorem #ipsum,,12
c0fbea97-03bd-4194-991c-449f16933b2c,Lorem ipsum dolor sit amet consectetur adipiscing elit. sed do eiusmod tempor incididunt ut labore et dolore magna aliqua.,#lorem #ipsum,,12
c0fbea97-03bd-4194-991c-449f16933b2c,Lorem ipsum dolor sit amet consectetur adipiscing elit. sed do eiusmod tempor incididunt ut labore et dolore magna aliqua.,#lorem #ipsum,,12
c0fbea97-03bd-4194-991c-449f16933b2c,Lorem ipsum dolor sit amet consectetur adipiscing elit. sed do eiusmod tempor incididunt ut labore et dolore magna aliqua.,#lorem #ipsum,,12
